Name,Planned (MW),Operating (MW),In Construction (MW),Operating and In Construction (MW),Total (MW),Region Name
"Fond du Lac County, WI",80.0,0.0,0.0,0.0,80.0,MIS_WUMS
"Manassas city, VA",25.0,30.0,50.0,80.0,105.0,PJM_Dom
"Midland County, TX",4.0,112.0,0.0,112.0,116.0,ERC_WEST
"Collin County, TX",377.12,305.41,101.9,407.31,784.43,ERC_REST
"Durham County, NC",0.0,58.0,0.0,58.0,58.0,S_VACA
"Stone County, MS",0.0,15.0,0.0,15.0,15.0,MIS_D_MS
"St. Joseph County, IN",401.0,6.55,790.6,797.15,1198.15,PJM_West
"Natrona County, WY",250.0,0.0,1.1,1.1,251.1,WECC_WY
"Palm Beach County, FL",0.0,6.2,0.0,6.2,6.2,FRCC
"Greensville County, VA",120.0,0.0,0.0,0.0,120.0,PJM_Dom
"Cass County, ND",0.0,2.6,0.0,2.6,2.6,MIS_MAPP
"Rockingham County, NC",150.0,0.0,48.0,48.0,198.0,S_VACA
"McLeod County, MN",10.0,20.0,0.0,20.0,30.0,MIS_MNWI
"Hamilton County, NE",0.0,5.0,10.0,15.0,15.0,SPP_NEBR
"Ector County, TX",150.0,207.0,100.0,307.0,457.0,ERC_WEST
"Faribault County, MN",0.0,0.0,15.0,15.0,15.0,MIS_MNWI
"Montgomery County, OH",5.0,6.7,0.0,6.7,11.7,PJM_West
"Shelby County, AL",33.0,0.0,22.0,22.0,55.0,S_SOU
"Vanderburgh County, IN",0.0,0.7,0.0,0.7,0.7,MIS_INKY
"Franklin County, OH",483.0,1069.4,188.0,1257.4,1740.4,PJM_West
"Platte County, MO",0.0,13.25,0.0,13.25,13.25,SPP_N
"Hamilton County, OH",0.0,29.61,0.3,29.91,29.91,PJM_West
"Bosque County, TX",0.0,0.0,40.0,40.0,40.0,ERC_REST
"Caroline County, VA",1120.0,0.0,70.0,70.0,1190.0,PJM_Dom
"Bexar County, TX",634.0,548.6,271.0,819.6,1453.6,ERC_REST
"Kings County, NY",0.0,3.0,0.0,3.0,3.0,NY_Z_J
"Bell County, TX",200.0,300.0,157.0,457.0,657.0,ERC_REST
"Fairfax County, VA",272.7,338.4,334.0,672.4,945.1,PJM_Dom
"Spotsylvania County, VA",1538.0,0.0,388.0,388.0,1926.0,PJM_Dom
"Rowan County, NC",480.0,9.6,0.0,9.6,489.6,S_VACA
"Cheshire County, NH",0.0,0.5,0.0,0.5,0.5,NENGREST
"Whitfield County, GA",0.0,217.0,50.0,267.0,267.0,S_C_TVA
"Stafford County, VA",1150.0,0.0,42.0,42.0,1192.0,PJM_Dom
"Caldwell County, NC",0.0,78.5,0.0,78.5,78.5,S_VACA
"Rensselaer County, NY",0.0,10.0,0.0,10.0,10.0,NY_Z_F
"Cleveland County, NC",25.0,52.0,0.0,52.0,77.0,S_VACA
"Mecklenburg County, NC",2188.0,42.85,200.0,242.85,2430.85,S_VACA
"Walton County, GA",800.0,0.0,0.0,0.0,800.0,S_SOU
"Douglas County, WA",48.0,213.0,155.5,368.5,416.5,WECC_PNW
"Grand Forks County, ND",0.0,130.0,0.0,130.0,130.0,MIS_MAPP
"Union County, NJ",0.0,0.0,40.0,40.0,40.0,PJM_EMAC
"Phelps County, MO",1200.0,0.0,0.0,0.0,1200.0,MIS_MO
"Allegheny County, PA",0.0,32.4,15.0,47.4,47.4,PJM_AP
"Pulaski County, AR",0.0,1.2,150.0,151.2,151.2,MIS_AR
"Westmoreland County, PA",180.0,20.0,0.0,20.0,200.0,PJM_PENE
"Douglas County, NE",0.0,157.5,140.0,297.5,297.5,SPP_NEBR
"Clayton County, GA",0.0,0.0,50.0,50.0,50.0,S_SOU
"Milwaukee County, WI",2.7,9.45,0.0,9.45,12.15,MIS_WUMS
"Burlington County, NJ",0.0,4.0,0.0,4.0,4.0,PJM_EMAC
"York County, SC",100.0,2.0,0.0,2.0,102.0,S_VACA
"Armstrong County, PA",70.0,1.5,30.0,31.5,101.5,PJM_PENE
"Penobscot County, ME",60.0,0.0,0.0,0.0,60.0,NENG_ME
"Randolph County, MO",0.0,0.0,5.0,5.0,5.0,S_D_AECI
"Washington County, MN",20.0,6.5,20.0,26.5,46.5,MIS_MNWI
"Cobb County, GA",0.0,24.53,0.0,24.53,24.53,S_SOU
"Pend Oreille County, WA",0.0,100.0,0.0,100.0,100.0,WECC_PNW
"Richland County, SC",0.0,1.41,0.5,1.91,1.91,S_VACA
"Fauquier County, VA",1050.0,12.0,0.0,12.0,1062.0,PJM_Dom
"McLennan County, TX",500.0,1.3,0.0,1.3,501.3,ERC_REST
"Capitol Planning Region, CT",44.0,1.0,0.0,1.0,45.0,NENG_CT
"Capitol Planning Region, CT",44.0,1.0,0.0,1.0,45.0,NENG_CT
"Cass County, TX",0.0,40.0,0.0,40.0,40.0,SPP_WEST
"Volusia County, FL",0.0,0.5,0.0,0.5,0.5,FRCC
"Clark County, NV",414.0,426.33,0.0,426.33,840.33,WECC_SNV
"Brevard County, FL",0.0,2.5,0.0,2.5,2.5,FRCC
"Greenville County, SC",25.0,85.0,0.8,85.8,110.8,S_VACA
"King County, WA",0.0,204.46,6.0,210.46,210.46,WECC_PNW
"Covington city, VA",0.0,0.5,0.0,0.5,0.5,PJM_Dom
"Washington County, UT",0.0,4.0,0.0,4.0,4.0,WECC_UT
"Stutsman County, ND",0.0,106.0,0.0,106.0,106.0,MIS_MAPP
"Essex County, NJ",0.0,87.71,0.0,87.71,87.71,PJM_EMAC
"McLean County, IL",0.0,1.0,0.0,1.0,1.0,PJM_COMD
"Muskogee County, OK",200.0,0.0,270.0,270.0,470.0,SPP_WEST
"Peoria County, IL",0.0,0.5,0.0,0.5,0.5,MIS_IL
"Warren County, IA",0.0,160.0,40.0,200.0,200.0,MIS_MIDA
"Suffolk County, NY",3.0,3.0,0.0,3.0,6.0,NY_Z_K
"Culpeper County, VA",2258.0,67.5,240.0,307.5,2565.5,PJM_Dom
"Hanover County, VA",2415.0,1.0,0.0,1.0,2416.0,PJM_Dom
"Washington County, OH",0.0,0.0,40.0,40.0,40.0,PJM_West
"Yakima County, WA",0.0,0.3,0.0,0.3,0.3,WECC_PNW
"Webb County, TX",0.0,0.65,0.0,0.65,0.65,ERC_REST
"Frederick County, VA",0.0,6.9,0.0,6.9,6.9,PJM_AP
"Wise County, VA",35.0,10.0,0.0,10.0,45.0,PJM_West
"Umatilla County, OR",101.0,893.5,225.0,1118.5,1219.5,WECC_PNW
"Powhatan County, VA",200.0,0.0,100.0,100.0,300.0,PJM_Dom
"Grant County, WA",36.0,752.5,0.0,752.5,788.5,WECC_PNW
"Seneca County, NY",0.0,0.5,0.0,0.5,0.5,NY_Z_C&E
"Carroll County, GA",0.0,1.0,0.0,1.0,1.0,S_SOU
"Pima County, AZ",16.6,28.53,0.0,28.53,45.13,WECC_AZ
"Victoria County, TX",0.0,0.0,0.3,0.3,0.3,ERC_REST
"Denton County, TX",67.292,347.94,103.0,450.94,518.232,ERC_REST
"Columbia County, GA",1000.0,0.0,0.0,0.0,1000.0,S_VACA
"Chesterfield County, VA",610.0,44.8,50.0,94.8,704.8,PJM_Dom
"Polk County, FL",0.0,8.0,0.0,8.0,8.0,FRCC
"Hidalgo County, TX",0.0,0.4,0.0,0.4,0.4,ERC_REST
"Summit County, OH",0.0,3.5,0.0,3.5,3.5,PJM_ATSI
"Travis County, TX",646.045,327.14,30.0,357.14,1003.185,ERC_REST
"Dubuque County, IA",0.0,2.0,0.0,2.0,2.0,MIS_IA
"Hillsborough County, FL",0.0,22.84,0.0,22.84,22.84,FRCC
"Wichita County, TX",300.0,0.6,0.0,0.6,300.6,ERC_WEST
"Monroe County, GA",500.0,0.0,0.0,0.0,500.0,S_SOU
"Butler County, OH",0.0,8.54,0.0,8.54,8.54,PJM_West
"Miami-Dade County, FL",26.45,78.73,25.75,104.48,130.93,FRCC
"Racine County, WI",80.0,0.0,80.0,80.0,160.0,MIS_WUMS
"Nassau County, NY",0.0,6.5,0.0,6.5,6.5,NY_Z_K
"Southeastern Connecticut Planning Region, CT",18.0,0.0,5.0,5.0,23.0,NENG_CT
"Cuyahoga County, OH",0.0,21.9,0.0,21.9,21.9,PJM_ATSI
"Williamson County, TX",224.0,45.41,389.0,434.41,658.41,ERC_REST
"Bernalillo County, NM",0.0,24.0,10.0,34.0,34.0,WECC_NM
"Niagara County, NY",85.0,296.2,100.0,396.2,481.2,NY_Z_A
"Montgomery County, AL",5.0,0.0,80.0,80.0,85.0,S_SOU
"Chittenden County, VT",0.0,0.5,0.0,0.5,0.5,NENGREST
"Frederick County, MD",1749.0,0.0,231.0,231.0,1980.0,PJM_AP
"St. Lawrence County, NY",0.0,50.0,0.0,50.0,50.0,NY_Z_D
"Storey County, NV",5495.0,70.0,475.0,545.0,6040.0,WECC_NNV
"Essex County, MA",0.0,7.5,0.0,7.5,7.5,NENGREST
"Denver County, CO",44.0,36.75,18.0,54.75,98.75,WECC_CO
"Morris County, NJ",0.0,13.0,0.0,13.0,13.0,PJM_EMAC
"Orleans Parish, LA",0.0,2.55,0.0,2.55,2.55,MIS_AMSO
"Multnomah County, OR",0.0,22.1,0.0,22.1,22.1,WECC_PNW
"Cook County, GA",40.0,40.0,0.0,40.0,80.0,S_SOU
"Ingham County, MI",0.0,0.5,0.0,0.5,0.5,MIS_LMI
"Arapahoe County, CO",160.0,110.05,12.0,122.05,282.05,WECC_CO
"Ward County, TX",300.0,70.0,0.0,70.0,370.0,ERC_WEST
"Philadelphia County, PA",36.0,36.94,0.0,36.94,72.94,PJM_EMAC
"Richmond County, NY",0.0,10.0,0.0,10.0,10.0,NY_Z_J
"Bergen County, NJ",0.0,18.0,0.0,18.0,18.0,PJM_EMAC
"Wilbarger County, TX",280.0,60.0,60.0,120.0,400.0,ERC_WEST
"Harrisonburg city, VA",0.0,18.0,0.0,18.0,18.0,PJM_Dom
"Payne County, OK",250.0,0.0,50.0,50.0,300.0,SPP_WEST
"Hudson County, NJ",10.0,122.5,19.4,141.9,151.9,PJM_EMAC
"Coos County, OR",0.0,0.5,0.0,0.5,0.5,WECC_PNW
"Boone County, AR",0.0,2.0,0.0,2.0,2.0,SPP_WEST
"Kaufman County, TX",300.0,0.0,0.0,0.0,300.0,ERC_REST
"Autauga County, AL",35.0,0.0,5.0,5.0,40.0,S_SOU
"Haskell County, TX",700.0,0.0,300.0,300.0,1000.0,ERC_WEST
"Surry County, VA",280.0,0.0,20.0,20.0,300.0,PJM_Dom
"Wayne County, MI",130.0,13.4,0.0,13.4,143.4,MIS_LMI
"Macomb County, MI",45.0,0.0,0.0,0.0,45.0,MIS_LMI
"Kane County, IL",0.0,0.0,20.0,20.0,20.0,PJM_COMD
"Pottawattamie County, IA",12.0,537.0,65.0,602.0,614.0,MIS_MIDA
"Jefferson County, KY",331.5,7.89,65.0,72.89,404.39,S_C_KY
"Tulsa County, OK",500.0,31.9,0.0,31.9,531.9,SPP_WEST
"Albany County, NY",0.0,8.8,0.0,8.8,8.8,NY_Z_F
"Cavalier County, ND",100.0,2.5,30.0,32.5,132.5,MIS_MAPP
"Madison County, MS",850.0,0.0,0.0,0.0,850.0,MIS_D_MS
"Shelby County, KY",0.0,1.0,0.0,1.0,1.0,S_C_KY
"Washington County, GA",0.0,261.0,0.0,261.0,261.0,S_SOU
"Brazos County, TX",0.0,6.0,0.0,6.0,6.0,ERC_REST
"Shawnee County, KS",0.0,0.58,0.0,0.58,0.58,SPP_N
"Montgomery County, TX",45.0,53.88,0.0,53.88,98.88,MIS_WOTA
"Jackson County, AL",0.0,50.0,0.0,50.0,50.0,S_C_TVA
"Boone County, MO",0.0,0.7,0.0,0.7,0.7,MIS_MO
"Elkhart County, IN",1500.0,0.0,0.0,0.0,1500.0,MIS_INKY
"Reagan County, TX",0.0,20.0,0.0,20.0,20.0,ERC_WEST
"Tarrant County, TX",658.0,352.18,301.0,653.18,1311.18,ERC_REST
"Troup County, GA",650.0,14.0,0.0,14.0,664.0,S_SOU
"Lucas County, OH",0.0,1.3,0.0,1.3,1.3,PJM_ATSI
"Nueces County, TX",200.0,200.5,500.0,700.5,900.5,ERC_REST
"Appling County, GA",0.0,15.0,0.0,15.0,15.0,S_SOU
"Wilkes County, GA",4.0,82.0,0.0,82.0,86.0,S_SOU
"Orange County, FL",0.0,25.4,0.0,25.4,25.4,FRCC
"Bucks County, PA",200.0,0.0,80.0,80.0,280.0,PJM_EMAC
"Iredell County, NC",272.0,4.0,0.0,4.0,276.0,S_VACA
"Virginia Beach city, VA",130.0,8.0,0.0,8.0,138.0,PJM_Dom
"Warren County, MS",0.0,20.0,0.0,20.0,20.0,MIS_D_MS
"Faulkner County, AR",10.0,0.0,0.0,0.0,10.0,MIS_AR
"Fayette County, GA",446.0,70.0,105.0,175.0,621.0,S_SOU
"Polk County, IA",51.0,602.9,118.2,721.1,772.1,MIS_MIDA
"Wake County, NC",3.0,18.33,0.0,18.33,21.33,S_VACA
"Wyandotte County, KS",600.0,14.0,0.0,14.0,614.0,SPP_N
"Calloway County, KY",0.0,25.0,0.0,25.0,25.0,S_C_TVA
"Jefferson Parish, LA",0.0,0.7,0.0,0.7,0.7,MIS_AMSO
"Somerset County, NJ",10.0,62.0,0.0,62.0,72.0,PJM_EMAC
"Judith Basin County, MT",0.0,20.0,0.0,20.0,20.0,WECC_MT
"Madison County, KY",0.0,20.0,0.0,20.0,20.0,S_C_KY
"El Paso County, TX",400.0,2.4,24.9,27.3,427.3,WECC_NM
"Deschutes County, OR",0.0,6.5,0.0,6.5,6.5,WECC_PNW
"Bannock County, ID",0.0,5.4,0.0,5.4,5.4,WECC_ID
"Putnam County, IL",82.0,0.0,0.0,0.0,82.0,PJM_COMD
"Douglas County, OR",0.0,0.5,0.0,0.5,0.5,WECC_PNW
"Nicollet County, MN",300.0,0.0,0.0,0.0,300.0,MIS_MNWI
"East Baton Rouge Parish, LA",3.0,2.7,0.0,2.7,5.7,MIS_LA
"McCulloch County, TX",500.0,0.0,0.0,0.0,500.0,ERC_REST
"Leon County, FL",0.0,0.9,0.0,0.9,0.9,FRCC
"Genesee County, MI",0.0,1.28,0.0,1.28,1.28,MIS_LMI
"Moore County, TX",87.0,0.0,100.0,100.0,187.0,SPP_SPS
"Madison County, AL",5.0,262.0,100.0,362.0,367.0,S_C_TVA
"St. Tammany Parish, LA",0.0,1.0,0.0,1.0,1.0,MIS_AMSO
"Knox County, TN",0.0,86.0,0.0,86.0,86.0,S_C_TVA
"Williamson County, TN",0.0,27.7,0.0,27.7,27.7,S_C_TVA
"Louisa County, VA",750.0,0.0,70.0,70.0,820.0,PJM_Dom
"Providence County, RI",0.0,2.85,0.0,2.85,2.85,NENGREST
"Lane County, OR",0.0,1.0,0.0,1.0,1.0,WECC_PNW
"Morrow County, OR",0.0,877.0,300.0,1177.0,1177.0,WECC_PNW
"Anderson County, SC",0.0,18.0,0.0,18.0,18.0,S_VACA
"Dakota County, MN",2037.0,33.0,17.0,50.0,2087.0,MIS_MNWI
"St. Charles County, MO",0.0,5.0,0.0,5.0,5.0,MIS_MO
"Rankin County, MS",0.0,0.0,116.0,116.0,116.0,MIS_D_MS
"New York County, NY",0.0,163.28,12.0,175.28,175.28,NY_Z_J
"Snohomish County, WA",0.0,27.0,0.0,27.0,27.0,WECC_PNW
"Spokane County, WA",0.0,13.0,0.0,13.0,13.0,WECC_PNW
"Washoe County, NV",5.0,216.5,20.0,236.5,241.5,WECC_NNV
"Mahoning County, OH",0.0,0.45,0.0,0.45,0.45,PJM_ATSI
"Broomfield County, CO",0.0,29.1,0.0,29.1,29.1,WECC_CO
"Adams County, CO",170.0,33.5,0.0,33.5,203.5,WECC_CO
"Emanuel County, GA",0.0,8.0,0.0,8.0,8.0,S_SOU
"Indiana County, PA",4500.0,0.0,0.0,0.0,4500.0,PJM_PENE
"Cass County, MI",0.0,28.0,272.0,300.0,300.0,PJM_West
"Williams County, ND",460.0,300.0,565.0,865.0,1325.0,SPP_WAUE
"South Central Connecticut Planning Region, CT",0.0,0.25,0.0,0.25,0.25,NENG_CT
"St. Louis County, MO",0.0,15.8,5.0,20.8,20.8,MIS_MO
"Lackawanna County, PA",780.0,0.0,0.0,0.0,780.0,PJM_WMAC
"Milam County, TX",0.0,1263.0,179.0,1442.0,1442.0,ERC_REST
"Cook County, IL",2001.8,917.13,561.0,1478.13,3479.93,PJM_COMD
"Buncombe County, NC",0.0,0.98,0.0,0.98,0.98,S_VACA
"Passaic County, NJ",0.0,25.05,0.0,25.05,25.05,PJM_EMAC
"Rockland County, NY",24.0,84.0,0.0,84.0,108.0,NY_Z_G-I
"Cameron County, TX",60.0,0.7,60.0,60.7,120.7,ERC_REST
"Bedford County, TN",0.0,10.0,10.0,20.0,20.0,S_C_TVA
"Porter County, IN",50.0,0.0,0.0,0.0,50.0,MIS_INKY
"Oldham County, KY",600.0,0.0,0.0,0.0,600.0,PJM_West
"Monroe County, OH",695.0,0.0,0.0,0.0,695.0,PJM_West
"Tazewell County, IL",1000.0,0.0,0.0,0.0,1000.0,PJM_COMD
"Bowie County, TX",0.0,2.0,0.0,2.0,2.0,SPP_WEST
"Hendricks County, IN",400.0,0.0,0.0,0.0,400.0,MIS_INKY
"Monmouth County, NJ",0.0,10.6,0.0,10.6,10.6,PJM_EMAC
"Newton County, GA",550.0,210.0,0.0,210.0,760.0,S_SOU
"Pittsylvania County, VA",800.0,0.0,0.0,0.0,800.0,PJM_Dom
"Jefferson County, CO",0.0,1.09,0.0,1.09,1.09,WECC_CO
"Guadalupe County, TX",1200.0,0.0,0.0,0.0,1200.0,ERC_REST
"Montgomery County, TN",0.0,60.0,0.0,60.0,60.0,S_C_TVA
"Wagoner County, OK",80.0,0.0,0.0,0.0,80.0,SPP_WEST
"Middlesex County, MA",20.0,109.5,0.0,109.5,129.5,NENGREST
"Sherburne County, MN",600.0,15.0,0.0,15.0,615.0,MIS_MNWI
"Montgomery County, PA",0.0,25.2,0.0,25.2,25.2,PJM_EMAC
"Berks County, PA",0.0,7.0,0.0,7.0,7.0,PJM_WMAC
"Berkeley County, SC",230.0,310.0,0.0,310.0,540.0,S_VACA
"Reeves County, TX",0.0,207.0,79.0,286.0,286.0,ERC_WEST
"Westchester County, NY",0.0,9.1,0.0,9.1,9.1,NY_Z_G-I
"Covington city, VA",0.0,0.5,0.0,0.5,0.5,PJM_Dom
"Baltimore city, MD",0.0,59.5,0.0,59.5,59.5,PJM_SMAC
"Wood County, WI",0.0,0.0,20.0,20.0,20.0,MIS_WUMS
"Duval County, TX",50.0,0.0,50.0,50.0,100.0,ERC_REST
"Carver County, MN",181.0,13.8,0.0,13.8,194.8,MIS_MNWI
"Potter County, TX",0.0,0.6,0.0,0.6,0.6,SPP_SPS
"Washington County, WI",0.0,1.0,0.0,1.0,1.0,MIS_WUMS
"King George County, VA",900.0,0.0,0.0,0.0,900.0,PJM_Dom
"Anderson County, TN",12.0,4.0,0.0,4.0,16.0,S_C_TVA
"Rockdale County, GA",240.0,0.0,30.0,30.0,270.0,S_SOU
"Luzerne County, PA",940.0,98.0,122.0,220.0,1160.0,PJM_WMAC
"Dickey County, ND",300.0,206.0,0.0,206.0,506.0,MIS_MAPP
"Kenosha County, WI",160.0,0.0,0.0,0.0,160.0,MIS_WUMS
"Licking County, OH",1601.0,601.0,413.0,1014.0,2615.0,PJM_West
"Baylor County, TX",83.0,0.0,83.0,83.0,166.0,ERC_WEST
"Minnehaha County, SD",0.0,1.3,0.0,1.3,1.3,MIS_MNWI
"Ozaukee County, WI",3000.0,0.0,0.0,0.0,3000.0,MIS_WUMS
"DeKalb County, IL",360.0,260.0,60.0,320.0,680.0,PJM_COMD
"Marshall County, KY",0.0,150.0,0.0,150.0,150.0,S_C_TVA
"Kent County, MI",180.0,14.5,60.0,74.5,254.5,MIS_LMI
"Lubbock County, TX",0.0,0.7,0.0,0.7,0.7,SPP_SPS
"Navarro County, TX",400.0,400.0,200.0,600.0,1000.0,ERC_REST
"Middlesex County, NJ",32.0,183.93,12.0,195.93,227.93,PJM_EMAC
"St. Louis County, MN",0.0,1.3,0.0,1.3,1.3,MIS_MNWI
"Chesterfield County, VA",610.0,44.8,50.0,94.8,704.8,PJM_Dom
"Guilford County, NC",280.0,49.2,20.0,69.2,349.2,S_VACA
"Prince William County, VA",5159.0,1675.4,1070.0,2745.4,7904.4,PJM_Dom
"Sedgwick County, KS",0.0,0.24,0.0,0.24,0.24,SPP_N
"Black Hawk County, IA",0.0,1.75,0.0,1.75,1.75,MIS_MIDA
"La Salle County, TX",130.0,0.0,70.0,70.0,200.0,ERC_REST
"Sherman County, TX",0.0,0.5,0.0,0.5,0.5,SPP_SPS
"Broward County, FL",0.0,6.65,0.0,6.65,6.65,FRCC
"Delaware County, OH",67.5,10.5,0.0,10.5,78.0,PJM_West
"Wise County, VA",35.0,10.0,0.0,10.0,45.0,PJM_West
"Upton County, TX",0.0,280.0,0.0,280.0,280.0,ERC_WEST
"Winkler County, TX",150.0,0.0,150.0,150.0,300.0,ERC_WEST
"Taylor County, TX",1000.0,0.0,1412.0,1412.0,2412.0,ERC_WEST
"Mitchell County, TX",700.0,0.0,100.0,100.0,800.0,ERC_WEST
"Oklahoma County, OK",7.0,17.9,0.0,17.9,24.9,SPP_WEST
"Walker County, TX",500.0,0.0,0.0,0.0,500.0,ERC_REST
"Oakland County, MI",4.0,18.8,0.0,18.8,22.8,MIS_LMI
"Beaver County, PA",0.0,120.0,0.0,120.0,120.0,PJM_ATSI
"Carbon County, PA",0.0,80.0,0.0,80.0,80.0,PJM_WMAC
"Hamilton County, IN",0.0,4.0,0.0,4.0,4.0,MIS_INKY
"Boone County, IA",0.0,10.4,0.0,10.4,10.4,MIS_MIDA
"Berrien County, MI",300.0,0.0,0.0,0.0,300.0,PJM_West
"Fairfield County, OH",800.0,75.0,0.0,75.0,875.0,PJM_West
"Clark County, OH",70.0,2.0,100.0,102.0,172.0,PJM_ATSI
"Santa Cruz County, AZ",0.0,0.04,0.0,0.04,0.04,WECC_AZ
"Caddo Parish, LA",0.0,0.9,0.0,0.9,0.9,SPP_WEST
"El Paso County, CO",75.0,53.45,0.0,53.45,128.45,WECC_CO
"Linn County, IA",400.0,2.31,60.0,62.31,462.31,MIS_IA
"Dane County, WI",0.0,7.75,0.0,7.75,7.75,MIS_WUMS
"Lauderdale County, MS",280.0,8.0,40.0,48.0,328.0,S_SOU
"Kendall County, IL",3103.0,0.0,40.0,40.0,3143.0,PJM_COMD
"Rice County, MN",120.0,0.0,0.0,0.0,120.0,MIS_MNWI
"Allen County, IN",300.0,0.0,0.0,0.0,300.0,PJM_West
"Adams County, NE",10.0,0.0,0.0,0.0,10.0,SPP_NEBR
"Ellis County, TX",780.0,366.0,285.0,651.0,1431.0,ERC_REST
"Grafton County, NH",0.0,0.4,0.0,0.4,0.4,NENGREST
"Chelan County, WA",0.0,33.0,180.0,213.0,213.0,WECC_PNW
"Buffalo County, NE",0.0,200.0,0.0,200.0,200.0,SPP_NEBR
"Dallas County, IA",1300.0,212.0,170.0,382.0,1682.0,MIS_IA
"McDonald County, MO",0.0,10.0,0.0,10.0,10.0,SPP_N
"Lee County, AL",8.0,4.0,16.0,20.0,28.0,S_SOU
"Douglas County, GA",1326.6,274.5,334.2,608.7,1935.3,S_SOU
"Union County, OH",140.0,250.0,80.0,330.0,470.0,PJM_ATSI
"Warren County, OH",0.0,13.7,0.0,13.7,13.7,PJM_West
"Carson County, TX",0.0,205.0,0.0,205.0,205.0,ERC_PHDL
"Glasscock County, TX",0.0,200.0,0.0,200.0,200.0,ERC_WEST
"Randall County, TX",0.0,40.4,0.0,40.4,40.4,ERC_PHDL
"Aroostook County, ME",0.0,0.2,0.0,0.2,0.2,NENG_ME
"Tippecanoe County, IN",0.0,0.5,0.0,0.5,0.5,MIS_INKY
"Madison County, IA",0.0,0.0,40.0,40.0,40.0,MIS_IA
"Stark County, OH",0.0,1.5,221.0,222.5,222.5,PJM_ATSI
"Fairfax County, VA",272.7,338.4,334.0,672.4,945.1,PJM_Dom
"Perry County, OH",26.0,24.0,0.0,24.0,50.0,PJM_West
"Andrews County, TX",0.0,105.0,100.0,205.0,205.0,ERC_WEST
"Marion County, IN",0.0,13.95,0.0,13.95,13.95,MIS_INKY
"Crisp County, GA",200.0,0.0,0.0,0.0,200.0,S_SOU
"Norfolk city, VA",0.0,0.75,0.0,0.75,0.75,PJM_Dom
"Childress County, TX",2000.0,750.0,50.0,800.0,2800.0,ERC_WEST
"Dickens County, TX",0.0,180.0,0.0,180.0,180.0,ERC_PHDL
"Hale County, TX",400.0,0.0,200.0,200.0,600.0,SPP_SPS
"Erie County, OH",190.0,0.0,96.0,96.0,286.0,PJM_ATSI
"Lancaster County, NE",280.0,0.0,40.0,40.0,320.0,SPP_NEBR
"Hillsborough County, NH",0.0,2.6,0.0,2.6,2.6,NENGREST
"Orange County, VA",600.0,0.0,0.0,0.0,600.0,PJM_AP
"Boone County, IN",80.0,0.0,0.0,0.0,80.0,MIS_INKY
"Cumberland County, NJ",550.0,0.0,50.0,50.0,600.0,PJM_EMAC
"Gwinnett County, GA",0.0,94.0,0.0,94.0,94.0,S_SOU
"Butler County, PA",24.5,15.75,0.0,15.75,40.25,PJM_AP
"Greene County, MO",0.0,1.0,0.0,1.0,1.0,SPP_N
"Lake County, IL",420.0,0.0,60.0,60.0,480.0,PJM_COMD
"Lehigh County, PA",0.0,12.35,0.0,12.35,12.35,PJM_WMAC
"Washtenaw County, MI",0.0,0.74,0.0,0.74,0.74,MIS_LMI
"DeKalb County, GA",0.0,19.8,0.0,19.8,19.8,S_SOU
"Bartholomew County, IN",8.0,1.27,0.5,1.77,9.77,MIS_INKY
"Sussex County, VA",600.0,0.0,0.0,0.0,600.0,PJM_Dom
"Mayes County, OK",0.0,570.0,0.0,570.0,570.0,SPP_WEST
"Medina County, TX",40.0,60.0,220.0,280.0,320.0,ERC_REST
"Gray County, TX",150.0,0.0,50.0,50.0,200.0,ERC_PHDL
"Wasco County, OR",0.0,135.0,40.0,175.0,175.0,WECC_PNW
"Monroe County, MI",0.0,0.5,0.0,0.5,0.5,MIS_LMI
"Horry County, SC",10.0,9.0,0.0,9.0,19.0,S_VACA
"Cherokee County, NC",0.0,104.0,0.0,104.0,104.0,S_C_TVA
"Sarpy County, NE",5.0,598.05,0.0,598.05,603.05,SPP_NEBR
"Dutchess County, NY",0.0,10.0,0.0,10.0,10.0,NY_Z_G-I
"Lea County, NM",0.0,2.0,0.0,2.0,2.0,SPP_SPS
"Ramsey County, MN",0.0,4.75,0.0,4.75,4.75,MIS_MNWI
"Fisher County, TX",2000.0,0.0,0.0,0.0,2000.0,ERC_WEST
"Western Connecticut Planning Region, CT",10.0,11.8,0.0,11.8,21.8,NENG_CT
"Clark County, IN",0.0,0.0,75.0,75.0,75.0,MIS_INKY
"Scott County, IA",0.0,6.0,0.0,6.0,6.0,MIS_MIDA
"Hood County, TX",5000.0,300.0,0.0,300.0,5300.0,ERC_REST
"Washington County, OR",690.0,814.1,75.0,889.1,1579.1,WECC_PNW
"Crittenden County, AR",200.0,0.0,0.0,0.0,200.0,MIS_AR
"Sullivan County, IN",115.0,0.0,0.0,0.0,115.0,MIS_INKY
"Boone County, KY",0.0,4.0,0.0,4.0,4.0,PJM_West
"Douglas County, CO",0.0,74.99,22.5,97.49,97.49,WECC_CO
"Prince William County, VA",5159.0,1675.4,1070.0,2745.4,7904.4,PJM_Dom
"Valencia County, NM",0.0,230.0,0.0,230.0,230.0,WECC_NM
"Yates County, NY",0.0,80.0,0.0,80.0,80.0,NY_Z_C&E
"Dorchester County, SC",800.0,0.0,100.0,100.0,900.0,S_VACA
"Fayette County, KY",0.0,2.0,0.0,2.0,2.0,S_C_KY
"Bristol County, MA",0.0,4.0,0.0,4.0,4.0,NENGREST
"Harris County, TX",1262.6,768.12,160.0,928.12,2190.72,ERC_REST
"Mercer County, NJ",0.0,28.0,0.0,28.0,28.0,PJM_EMAC
"Spalding County, GA",300.0,0.0,0.0,0.0,300.0,S_SOU
"Shelby County, TN",255.0,424.63,5.0,429.63,684.63,S_C_TVA
"Erie County, NY",0.0,51.0,0.0,51.0,51.0,NY_Z_A
"Henry County, GA",140.0,0.0,20.0,20.0,160.0,S_SOU
"DuPage County, IL",146.0,314.85,191.0,505.85,651.85,PJM_COMD
"Venango County, PA",0.0,83.5,0.0,83.5,83.5,PJM_PENE
"Salt Lake County, UT",142.0,296.9,230.0,526.9,668.9,WECC_UT
"Rockingham County, NH",0.0,0.2,0.0,0.2,0.2,NENGREST
"Monroe County, NY",0.0,3.9,0.0,3.9,3.9,NY_Z_B
"Gloucester County, NJ",47.5,0.0,13.3,13.3,60.8,PJM_EMAC
"Dallas County, TX",2911.2,688.78,605.8,1294.58,4205.78,ERC_REST
"District of Columbia, DC",0.0,10.04,0.0,10.04,10.04,PJM_SMAC
"Boulder County, CO",0.0,18.12,0.0,18.12,18.12,WECC_CO
"Salem County, NJ",200.0,0.0,100.0,100.0,300.0,PJM_EMAC
"Caldwell County, TX",96.0,0.0,48.0,48.0,144.0,ERC_REST
"Pinal County, AZ",400.0,0.0,0.0,0.0,400.0,WECC_AZ
"Whatcom County, WA",0.0,1.0,0.0,1.0,1.0,WECC_PNW
"Walla Walla County, WA",500.0,0.4,0.0,0.4,500.4,WECC_PNW
"Wood County, OH",40.0,0.0,40.0,40.0,80.0,PJM_ATSI
"Audrain County, MO",0.0,10.0,5.0,15.0,15.0,MIS_MO
"Mecklenburg County, VA",502.5,741.5,278.0,1019.5,1522.0,PJM_Dom
"Catawba County, NC",481.0,223.0,176.0,399.0,880.0,S_VACA
"Cumberland County, ME",0.0,4.5,0.0,4.5,4.5,NENG_ME
"Worcester County, MA",0.0,6.7,0.0,6.7,6.7,NENGREST
"Crook County, OR",5.0,476.0,0.0,476.0,481.0,WECC_PNW
"Waukesha County, WI",0.0,4.0,0.0,4.0,4.0,MIS_WUMS
"Genesee County, NY",420.0,0.0,50.0,50.0,470.0,NY_Z_B
"Blue Earth County, MN",0.0,0.6,0.0,0.6,0.6,MIS_MNWI
"Fort Bend County, TX",0.0,2.0,0.0,2.0,2.0,ERC_REST
"Floyd County, GA",554.0,0.0,50.0,50.0,604.0,S_SOU
"Scott County, MN",0.0,3.9,0.0,3.9,3.9,MIS_MNWI
"Davidson County, TN",0.0,6.4,12.0,18.4,18.4,S_C_TVA
"Calumet County, WI",0.0,0.0,20.0,20.0,20.0,MIS_WUMS
"Norfolk County, MA",0.0,19.0,0.0,19.0,19.0,NENGREST
"Pecos County, TX",300.0,155.0,0.0,155.0,455.0,ERC_WEST
"LaPorte County, IN",100.0,0.0,0.0,0.0,100.0,MIS_INKY
"Aiken County, SC",0.0,0.0,85.0,85.0,85.0,S_VACA
"Uinta County, WY",120.0,0.0,0.0,0.0,120.0,WECC_WY
"Maricopa County, AZ",5966.0,2159.6,1276.5,3436.1,9402.1,WECC_AZ
"Onondaga County, NY",0.0,0.7,0.0,0.7,0.7,NY_Z_C&E
"St. Louis city, MO",13.0,32.5,5.0,37.5,50.5,MIS_MO
"Charles City County, VA",424.0,0.0,0.0,0.0,424.0,PJM_Dom
"Pierce County, WA",0.0,34.95,0.0,34.95,34.95,WECC_PNW
"West Feliciana Parish, LA",0.0,0.0,200.0,200.0,200.0,MIS_LA
"Suffolk County, MA",0.0,34.6,0.0,34.6,34.6,NENGREST
"Jackson County, MO",0.0,24.5,35.0,59.5,59.5,SPP_N
"Bartow County, GA",1200.0,0.0,45.0,45.0,1245.0,S_SOU
"Baltimore County, MD",0.0,1.2,0.0,1.2,1.2,PJM_SMAC
"Hamilton County, TN",0.0,1.2,0.0,1.2,1.2,S_C_TVA
"Do√±a Ana County, NM",0.0,0.5,0.0,0.5,0.5,WECC_NM
"Burleigh County, ND",0.0,4.0,0.0,4.0,4.0,SPP_WAUE
"Ada County, ID",0.0,18.25,90.0,108.25,108.25,WECC_ID
"Loudoun County, VA",6349.4,5333.67,596.0,5929.67,12279.07,PJM_Dom
"Jefferson County, AL",500.0,8.9,54.0,62.9,562.9,S_SOU
"Forsyth County, NC",0.0,8.0,0.0,8.0,8.0,S_VACA
"Clay County, MO",657.8,33.4,207.2,240.6,898.4,SPP_N
"Montgomery County, MD",0.0,8.7,0.0,8.7,8.7,PJM_SMAC
"Fulton County, GA",1112.7,534.55,364.0,898.55,2011.25,S_SOU
"Richland Parish, LA",2000.0,0.0,0.0,0.0,2000.0,MIS_LA
"Union County, SC",0.0,9.0,0.0,9.0,9.0,S_VACA
"Spartanburg County, SC",268.0,47.3,60.0,107.3,375.3,S_VACA
"Silver Bow County, MT",0.0,65.5,0.0,65.5,65.5,WECC_MT
"Hampden County, MA",274.0,1.5,0.0,1.5,275.5,NENGREST
"Plymouth County, MA",0.0,1.0,0.0,1.0,1.0,NENGREST
"Weber County, UT",0.0,1.0,0.0,1.0,1.0,WECC_UT
"New Castle County, DE",2.0,7.0,0.0,7.0,9.0,PJM_EMAC
"Coweta County, GA",1000.0,0.0,0.0,0.0,1000.0,S_SOU
"Anne Arundel County, MD",0.0,3.25,0.0,3.25,3.25,PJM_SMAC
"Utah County, UT",1204.0,316.3,230.0,546.3,1750.3,WECC_UT
"Rutherford County, NC",0.0,120.0,0.0,120.0,120.0,S_VACA
"Lake County, IN",1020.0,20.0,20.0,40.0,1060.0,MIS_INKY
"Lancaster County, PA",0.0,0.5,0.0,0.5,0.5,PJM_EMAC
"Charleston County, SC",0.0,0.2,0.6,0.8,0.8,S_VACA
"Banks County, GA",60.0,0.0,120.0,120.0,180.0,S_SOU
"Mercer County, PA",0.0,150.0,90.0,240.0,240.0,PJM_ATSI
"Chester County, PA",450.0,5.0,0.0,5.0,455.0,PJM_EMAC
"Johnson County, KS",15.0,35.05,0.0,35.05,50.05,SPP_N
"Prince Edward County, VA",300.0,0.0,0.0,0.0,300.0,PJM_Dom
"Northampton County, PA",0.0,4.0,0.0,4.0,4.0,PJM_WMAC
"Hennepin County, MN",0.0,35.65,2.0,37.65,37.65,MIS_MNWI
"Sumner County, TN",20.0,120.0,44.8,164.8,184.8,S_C_TVA
"Lee County, FL",0.0,0.3,0.0,0.3,0.3,FRCC
"Prince George's County, MD",834.0,2.0,20.0,22.0,856.0,PJM_SMAC
"Richmond County, GA",200.0,0.0,0.0,0.0,200.0,S_SOU
"Toombs County, GA",0.0,26.0,0.0,26.0,26.0,S_SOU
"Duval County, FL",3.0,30.3,0.0,30.3,33.3,FRCC
"Briscoe County, TX",0.0,68.0,32.0,100.0,100.0,ERC_PHDL
"Dauphin County, PA",0.0,0.4,0.0,0.4,0.4,PJM_WMAC
"Laramie County, WY",115.0,369.0,100.0,469.0,584.0,WECC_WY
"Appomattox County, VA",250.0,0.0,50.0,50.0,300.0,PJM_Dom
